d,data,new_data,switches,description
1,smlp_toy_num_resp_mult,,"-mode train -resp y1 -feat x,p1,p2 -model dt_caret -save_model_config f -mrmr_pred 0 -plots f -seed 10 -log_time f",basic dt_caret training and test on labeled data with single numeric response
2,smlp_toy_num_resp_mult,smlp_toy_num_resp_mult_pred_labeled,"-mode predict -resp y1 -feat x,p1,p2 -model rf_sklearn -rf_sklearn_max_depth 15 -save_model_config f -mrmr_pred 0 -plots f -seed 10 -log_time f",basic rf_sklearn prediction test on labeled and new data with numeric labels
3,smlp_toy_num_resp_mult,smlp_toy_num_resp_mult_pred_unlabeled,"-mode predict -resp y1 -feat x,p1,p2 -model poly_sklearn -save_model_config f -mrmr_pred 0 -plots f -seed 10 -log_time f",basic poly_sklearn prediction test on labeled and new data with numeric response in training/test data only
4,smlp_toy_num_resp_mult,smlp_toy_num_resp_mult_pred_labeled,"-mode predict -resp y2 -feat x,p1,p2 -model nn_keras -save_model_config f -mrmr_pred 0 -plots f -seed 10 -log_time f -nn_keras_epochs 20 -nn_keras_seq_api f",basic nn_keras prediction test on labeled and new data with numeric labels and one response
5,smlp_toy_num_resp_mult,smlp_toy_num_resp_mult_pred_labeled,"-mode predict -resp y1 -feat x,p1,p2 -model dt_caret -save_model t -use_model f -save_model_config f -mrmr_pred 0 -plots f -seed 10 -log_time f ",basic dt_caret prediction test on labeled and new data with numeric labels
6,smlp_toy_num_resp_mult,smlp_toy_num_resp_mult_pred_labeled,"-mode predict -resp y1,y2 -feat x,p1,p2 -model dt_sklearn -dt_sklearn_max_depth 15 -save_model_config f -mrmr_pred 0 -plots f -seed 10 -log_time f",basic dt_sklearn prediction test on labeled and new data with numeric labels
7,smlp_toy_num_resp_mult,smlp_toy_num_resp_mult_pred_labeled,"-mode predict -resp y1,y2 -feat x,p1,p2 -model rf_sklearn -rf_sklearn_max_depth 15 -save_model_config f -mrmr_pred 0 -plots f -seed 10 -log_time f",basic rf_sklearn prediction test on labeled and new data with numeric labels
8,smlp_toy_num_resp_mult,smlp_toy_num_resp_mult_pred_labeled,"-mode predict -resp y1,y2 -feat x,p1,p2 -model nn_keras -save_model_config f -mrmr_pred 0 -plots f -seed 10 -nn_keras_epochs 20 -nn_keras_seq_api f -log_time f",basic nn_keras prediction test on labeled and new data with numeric labels and two responses
9,smlp_toy_num_resp_mult,smlp_toy_num_resp_mult_pred_labeled,"-mode predict -resp y1,y2 -feat x,p1,p2 -model dt_sklearn -dt_sklearn_max_depth 15 -save_model t -model_name test20_model -data_scaler none -mrmr_pred 0 -plots f -seed 10 -log_time f -save_config t -save_model_config t",basic dt_sklearn prediction test on labeled and new data with numeric labels
10,smlp_toy_num_resp_mult,smlp_toy_num_resp_mult_pred_labeled,"-mode predict -resp y1,y2 -feat x,p1,p2 -model et_sklearn -et_sklearn_max_depth 15 -save_model_config f -mrmr_pred 0 -plots f -seed 10 -log_time f ",basic et_sklearn prediction test on labeled and new data with numeric labels
11,smlp_toy_num_resp_mult,smlp_toy_num_resp_mult_pred_labeled,"-mode predict -resp y1,y2 -feat x,p1,p2 -model poly_sklearn -save_model_config f -mrmr_pred 0 -plots f -seed 10 -log_time f ",basic poly_sklearn prediction test on labeled and new data with numeric labels
12,smlp_toy_basic,,"-mode train -resp y1,y2 -feat x1,x2,p1,p2 -model dt_sklearn -dt_sklearn_max_depth 15 -save_model_config f -mrmr_pred 0 -plots f -seed 10 -log_time f",EV-SI real life dt_sklearn predict test on labeled and new data with numeric labels
13,smlp_toy_basic,,"-mode train -resp y1,y2 -feat x1,x2,p1,p2 -model nn_keras -nn_keras_epochs 20 -nn_keras_seq_api f -save_model_config f -mrmr_pred 0 -plots f -seed 10 -log_time f",EV-SI real life nn_keras prediction test on labeled and new data with numeric labels
14,smlp_toy_basic,,"-mode train -resp y1,y2 -feat x1,x2,p1,p2 -model poly_sklearn -save_model_config f -mrmr_pred 0 -plots f -seed 10 -log_time f",EV-SI real life poly_sklearn prediction test on labeled and new data with numeric labels
15,Test5_smlp_toy_num_resp_mult,smlp_toy_num_resp_mult_pred_labeled,"-mode predict -resp y1 -feat x,p1,p2 -model dt_caret -save_model f -use_model t -mrmr_pred 0 -plots f -seed 10 -log_time f ",basic dt_caret prediction test from saved model on new data with numeric labels
16,Test8_smlp_toy_num_resp_mult,smlp_toy_num_resp_mult_pred_labeled,"-mode predict -resp y1,y2 -feat x,p1,p2 -model nn_keras -save_model f -use_model t -mrmr_pred 0 -plots f -seed 10  -log_time f",basic nn_keras prediction test from saved model on new data with numeric labels and two responses
17,Test11_smlp_toy_num_resp_mult,smlp_toy_num_resp_mult_pred_labeled,"-mode predict -resp y1,y2 -feat x,p1,p2 -model poly_sklearn -save_model f -use_model t -mrmr_pred 0 -plots f -seed 10 -log_time f ",basic poly_sklearn prediction test from saved model on new data with numeric labels and two responses
18,smlp_toy_num_resp_mult,smlp_toy_num_resp_mult_pred_labeled,"-mode predict -resp y1,y2 -feat x,p1,p2 -model dt_sklearn -dt_sklearn_max_depth 15 -save_model t -use_model f -model_name test19_model -mrmr_pred 0 -plots f -seed 10 -log_time f",basic dt_sklearn prediction test on labeled and new data with numeric labels and saving model using name specified through model_name option - adapts Test6
19,test19_model,smlp_toy_num_resp_mult_pred_labeled,"-mode predict -resp y1,y2 -feat x,p1,p2 -model dt_sklearn -dt_sklearn_max_depth 15  -save_model f -use_model t -mrmr_pred 0 -plots f -seed 10 -log_time f",basic dt_sklearn prediction test using a model saved under a name specified through model_name  option on new data with numeric labels
20,test20_model,smlp_toy_num_resp_mult_pred_labeled,"-mode predict -resp y1,y2 -feat x,p1,p2 -model dt_sklearn -dt_sklearn_max_depth 15 -save_model f -use_model t -data_scaler none -mrmr_pred 0 -plots f -seed 10 -log_time f",basic dt_sklearn prediction test on labeled and new data with numeric labels
21,smlp_toy_num_metasymbol_mult_reg,smlp_toy_num_metasymbol_mult_reg_pred_labeled,"-mode predict -resp ""PF ,|PF |"" -model poly_sklearn -save_model t -use_model f -model_name test22_model -data_scaler none  -mrmr_pred 0 -plots f -seed 10 -log_time f",test for illegal symbols in column names
22,test22_model,smlp_toy_num_metasymbol_mult_reg_pred_labeled,"-mode predict -resp ""PF ,|PF |"" -model poly_sklearn -save_model f -use_model t -data_scaler none  -mrmr_pred 0 -plots f -seed 10 -log_time f",test for illegal symbols in column names
23,smlp_toy_num_resp_mult,smlp_toy_num_resp_mult_pred_labeled,"-mode predict -resp y1,y2 -feat x,p1,p2 -model dt_sklearn -dt_sklearn_max_depth 15 -save_model t -use_model f -model_name test24_model -model_per_response t -mrmr_pred 0 -plots f -seed 10 -log_time f",basic dt_sklearn prediction test on labeled and new data with numeric labels and saving model using name specified through model_name option - adapts Test6
24,test24_model,smlp_toy_num_resp_mult_pred_labeled,"-mode predict -resp y1,y2 -feat x,p1,p2 -model dt_sklearn -dt_sklearn_max_depth 15 -save_model f -use_model t -model_per_response t -mrmr_pred 0 -plots f -seed 10 -log_time f",basic dt_sklearn prediction test using a model saved under a name specified through model_name  option on new data with numeric labels
25,smlp_toy_num_resp_mult,smlp_toy_num_resp_mult_pred_labeled,"-mode predict -resp y1,y2 -feat x,p1,p2 -model dt_sklearn -dt_sklearn_max_depth 15 -save_model t -use_model f -model_name test26_model -mrmr_pred 2 -plots f -seed 10 -log_time f",basic dt_sklearn prediction test on labeled and new data with numeric labels and saving model using name specified through model_name option - adapts Test6
26,test26_model,smlp_toy_num_resp_mult_pred_labeled,"-mode predict -resp y1,y2 -feat x,p1,p2 -model dt_sklearn -dt_sklearn_max_depth 15 -save_model f -use_model t -mrmr_pred 2 -plots f -seed 10 -log_time f",basic dt_sklearn prediction test using a model saved under a name specified through model_name  option on new data with numeric labels
27,smlp_toy_num_resp_mult,smlp_toy_num_resp_mult_pred_labeled,"-mode predict -resp y2 -feat x,p1,p2 -model nn_keras -save_model_config f -mrmr_pred 0 -plots f -seed 10 -log_time f -nn_keras_epochs 20 -nn_keras_seq_api t",checks nn_keras prediction with nn_keras_seq_api t, adapts test 4 which uses nn_keras_seq_api f
28,smlp_toy_num_resp_mult,smlp_toy_num_resp_mult_pred_labeled,"-mode predict -resp y2 -feat x,p1,p2 -model nn_keras -save_model_config f -mrmr_pred 0 -plots f -seed 10 -log_time f -nn_keras_epochs 20 -nn_keras_seq_api t -sw_coef 0.8",checks nn_keras prediction with sw_coef 0.8, and therefore functional api model is built despite option nn_keras_seq_api t, adapts test 4
29,smlp_toy_cls_metasymbol_colnames_mult,,"-mode subgroups -psg_dim 3 -psg_top 10 -resp ""PF 1,PF#"" -plots t -seed 10 -log_time f",basic  test for subgroup discovery for pass-fail responses
30,smlp_toy_num_resp_mult,,"-mode subgroups -psg_dim 3 -psg_top 10 -resp y1,y2 -feat x,p1,p2 -plots t -seed 10 -log_time f",basic  test for subgroup discovery for numric responses
31,smlp_toy_num_resp_mult,,"-mode subgroups -psg_dim 3 -psg_top 10 -resp y1,y2 -resp2b ""y1<6;y2>6"" -feat x,p1,p2 -plots t -seed 10 -log_time f -save_config t",testing resp2b in subgroup discovery mode
32,test20_model,smlp_toy_num_resp_mult_pred_labeled,"-config test20_model_rerun_model_config.json", test reusing saved model by using configuration file
33,smlp_toy_num_resp_mult,,"-config Test31_smlp_toy_num_resp_mult_args_config.json",testing -config option with subgroups mode
34,doe_four_levels_real,,"-mode doe -doe_algo full_factorial -log_time f", doe test with four levels with full_factorial method
35,doe_four_levels_real,,"-mode doe -doe_algo plackett_burman -log_time f", doe test with four levels with plackett_burman
36,doe_four_levels_real,,"-mode doe -doe_algo sukharev_grid -doe_samples 125 -log_time f", doe test with four levels with sukharev_grid
37,doe_three_levels_real_nan,,"-mode doe -doe_algo box_behnken -log_time f", doe test with four levels with box_behnken
38,doe_two_levels,,"-mode doe -doe_algo box_wilson -doe_cc_face ccc  -doe_cc_alpha r -doe_cc_center 2,3 -log_time f", doe test with four levels with box_wilson
39,doe_two_levels,,"-mode doe -doe_algo latin_hypercube -doe_prob_distr Exponential -doe_samples 30 -log_time f", doe test with four levels with latin_hypercube 
40,doe_two_levels,,"-mode doe -doe_algo latin_hypercube_sf -doe_samples 20 -log_time f", doe test with four levels with latin_hypercube_space_filling
41,doe_two_levels,,"-mode doe -doe_algo random_k_means -doe_samples 20 -log_time f", doe test with four levels with random_k_means
42,doe_two_levels,,"-mode doe -doe_algo maximin_reconstruction -doe_samples 20 -log_time f", doe test with four levels with maximin_reconstruction
43,doe_two_levels,,"-mode doe -doe_algo halton_sequence -doe_samples 20 -log_time f", doe test with four levels with halton_sequence
44,doe_two_levels,,"-mode doe -doe_algo uniform_random_matrix -doe_samples 20 -log_time f", doe test with four levels with uniform_random_matrix
45,doe_two_levels_real,,"-mode doe -doe_algo fractional_factorial -doe_resolution 5 -log_time f", doe test with four levels with fractional_factorial
46,smlp_toy_pf_mult,smlp_toy_pf_mult,"-mode predict -resp ""PF,PF1"" -model poly_sklearn -save_model t -save_model_config f -use_model f -model_name test47_model -data_scaler none  -mrmr_pred 0 -plots f -seed 10 -log_time f -pos_val fail -neg_val pass",tests options -pos_val and -neg_val
47,test47_model,smlp_toy_pf_mult,"-mode predict -resp ""PF,PF1"" -model poly_sklearn -save_model f -use_model t -data_scaler none  -mrmr_pred 0 -plots f -seed 10 -log_time f -pos_val fail -neg_val pass",tests options -pos_val and -neg_val when re-using saved model
48,smlp_toy_mult_discr,,"-mode discretize -resp ""PF,PF1"" -discr_algo uniform -discr_bins 6 -discr_labels t -discr_type object -data_scaler none  -mrmr_pred 0 -plots f -seed 10 -log_time f -pos_val fail -neg_val pass",tests discretization options
49,smlp_toy_mult_discr,,"-mode discretize -resp ""PF,PF1"" -discr_algo quantile -discr_bins 6 -discr_labels t -discr_type category -data_scaler none  -mrmr_pred 0 -plots f -seed 10 -log_time f -pos_val fail -neg_val pass",tests discretization options
50,smlp_toy_mult_discr,,"-mode discretize -resp ""PF,PF1"" -discr_algo kmeans -discr_bins 6 -discr_labels t -discr_type ordered -data_scaler none  -mrmr_pred 0 -plots f -seed 10 -log_time f -pos_val fail -neg_val pass",tests discretization options
51,smlp_toy_mult_discr,,"-mode discretize -resp ""PF,PF1"" -discr_algo jenks -discr_bins 6 -discr_labels f -discr_type integer -data_scaler none  -mrmr_pred 0 -plots f -seed 10 -log_time f -pos_val fail -neg_val pass",tests discretization options
52,smlp_toy_mult_discr,,"-mode discretize -resp ""PF,PF1"" -discr_algo jenks -discr_bins 6 -discr_labels t -discr_type ordered -data_scaler none  -mrmr_pred 0 -plots f -seed 10 -log_time f -pos_val fail -neg_val pass",tests discretization options
53,smlp_toy_mult_discr,,"-mode discretize -resp ""PF,PF1"" -discr_algo ordinals -discr_bins 6 -discr_labels f -discr_type integer -data_scaler none  -mrmr_pred 0 -plots f -seed 10 -log_time f -pos_val fail -neg_val pass",tests discretization options
54,smlp_toy_mult_discr,,"-mode discretize -resp ""PF,PF1"" -discr_algo ordinals -discr_bins 6 -discr_labels t -discr_type object -data_scaler none  -mrmr_pred 0 -plots f -seed 10 -log_time f -pos_val fail -neg_val pass",tests discretization options
55,smlp_toy_mult_discr,,"-mode discretize -resp ""PF,PF1"" -discr_algo ranks -discr_bins 6 -discr_labels t -discr_type category -data_scaler none  -mrmr_pred 0 -plots f -seed 10 -log_time f -pos_val fail -neg_val pass",tests discretization options
56,smlp_toy_mult_discr,,"-mode discretize -resp ""PF,PF1"" -discr_algo ranks -discr_bins 6 -discr_labels f -discr_type object -data_scaler none  -mrmr_pred 0 -plots f -seed 10 -log_time f -pos_val fail -neg_val pass",tests discretization options
57,smlp_toy_num_resp_mult,,"-mode verify -resp y1,y2 -feat x,p1,p2 -model dt_sklearn -dt_sklearn_max_depth 15 -spec smlp_toy_num_resp_mult_verify -asrt_names asrt_y1,asrt_y2 -asrt_expr ""y1*2+x<=5 and y1<=10;-2*y2-1<10-p2"" -save_model_config f -mrmr_pred 0 -plots f -seed 10 -log_time f",basic dt_sklearn assertion verfication test with numeric labels and integer grid as domain
58,smlp_toy_num_resp_mult,,"-mode optimize -pareto f -sat_thresh f -resp y1,y2 -feat x,p1,p2 -model dt_sklearn -dt_sklearn_max_depth 15  -spec smlp_toy_num_resp_mult -objv_names objv_y1,objv_y2 -objv_exprs ""y1;y2"" -epsilon 0.01 -delta_rel 0.01 -data_scaler none -save_model_config f -mrmr_pred 0 -plots f -seed 10 -log_time f",basic dt_sklearn optimization test with numeric labels and integer grid as domain and without scaling objectives
59,smlp_toy_num_resp_mult,,"-mode verify -resp y2 -feat x,p1,p2 -model nn_keras -mrmr_pred 0 -plots f -seed 10 -log_time f -nn_keras_epochs 20 -nn_keras_seq_api f  -save_model_config f -spec smlp_toy_num_resp_mult_y2_verify -asrt_names asrt1 -asrt_exprs ""2*y2>1"" -solver_path mathsat-5.6.8-linux-x86_64-reentrant/bin/mathsat",basic nn_keras assertion verification test for functional nn_keras model
60,smlp_toy_num_resp_mult,,"-mode verify -resp y2 -feat x,p1,p2 -model nn_keras -mrmr_pred 0 -plots f -seed 10 -log_time f -nn_keras_epochs 20 -nn_keras_seq_api t -save_model_config f -spec smlp_toy_num_resp_mult_y2_verify -asrt_names asrt1 -asrt_exprs ""2*y2>1"" -solver_path mathsat-5.6.8-linux-x86_64-reentrant/bin/mathsat",basic nn_keras assertion verification test for functional nn_keras model
61,smlp_toy_num_resp_mult,,"-mode verify -resp y1,y2 -feat x,p1,p2 -model nn_keras -nn_keras_epochs 100 -save_model_config f --spec  smlp_toy_num_resp_mult_verify -asrt_names asrt_y1,asrt_y2 -asrt_expr ""not(p2<y1*2+x<=(p1+1)>5 and y1<=10);-2*y2-1<10-p2 and p2>5 and p2<8"" -vacuity f -mrmr_pred 0 -plots f -seed 10 -log_time f -nn_keras_seq_api f -solver_path mathsat-5.6.8-linux-x86_64-reentrant/bin/mathsat", tests verificaion mode for NN with nn_keras_seq_api f
62,smlp_toy_num_resp_mult,,"-mode verify -resp y1,y2 -feat x,p1,p2 -model nn_keras -nn_keras_epochs 100 -nn_keras_seq_api t -save_model_config f -spec smlp_toy_num_resp_mult_verify -asrt_names asrt_y1,asrt_y2 -asrt_expr ""not(p2<y1*2+x<=(p1+1)>5 and y1<=10);-2*y2-1<10-p2 and p2>5 and p2<8"" -vacuity f -mrmr_pred 0 -plots f -seed 10 -log_time f -solver_path mathsat-5.6.8-linux-x86_64-reentrant/bin/mathsat",tests verificaion mode for NN with nn_keras_seq_api t
63,smlp_toy_num_resp_mult,,"-mode verify -resp y1 -feat x,p1,p2 -model dt_sklearn -dt_sklearn_max_depth 15 -save_model t -use_model f -model_name test63_model -spec smlp_toy_num_resp_mult_y1_verify -asrt_names asrt1,asrt2 -asrt_exprs ""x/2+y1>4.3;(y1+p2)/2<6"" -mrmr_pred 0 -plots f -seed 10 -log_time f ",basic dt_sklearn assertion verification test on data with numeric labels
64,test63_model,,"-mode verify -resp y1 -feat x,p1,p2 -model dt_sklearn -dt_sklearn_max_depth 15  -save_model f -use_model t -spec smlp_toy_num_resp_mult_y1_verify -asrt_names asrt1,asrt2 -asrt_exprs ""x/2+y1>4.3;(y1+p2)/2<6"" -mrmr_pred 0 -plots f -seed 10 -log_time f ",basic dt_sklearn  assertion verification test on data with one numeric response
65,smlp_toy_num_resp_mult,,"-mode verify -resp y1,y2 -feat x,p1,p2 -model dt_sklearn -dt_sklearn_max_depth 15 -save_model t -use_model f -model_name test65_model -spec smlp_toy_num_resp_mult_verify -asrt_names asrt1,asrt2 -asrt_exprs ""x**2+y1>4.3;(y1+p2)/2<6"" -mrmr_pred 0 -plots f -seed 10 -log_time f ",basic dt_sklearn assertion verification test on data with numeric labels
66,test65_model,,"-mode verify -resp y1,y2 -feat x,p1,p2 -model dt_sklearn -dt_sklearn_max_depth 15  -save_model f -use_model t -spec smlp_toy_num_resp_mult_verify -asrt_names asrt1,asrt2 -asrt_exprs ""x**2+y1>4.3;(y1+p2)/2<6"" -mrmr_pred 0 -plots f -seed 10 -log_time f ",basic dt_sklearn  assertion verification test on data with one numeric response
67,smlp_toy_num_resp_mult,,"-mode verify -resp y1,y2 -feat x,p1,p2 -model dt_sklearn -dt_sklearn_max_depth 15 -model_per_response t -save_model t -use_model f -model_name test67_model -spec smlp_toy_num_resp_mult_verify -asrt_names asrt1,asrt2 -asrt_exprs ""x**2+y1>4.3;(y1+p2)/2<6"" -mrmr_pred 0 -plots f -seed 10 -log_time f ",basic dt_sklearn assertion verification test on data with numeric labels
68,test67_model,,"-mode verify -resp y1,y2 -feat x,p1,p2 -model dt_sklearn -dt_sklearn_max_depth 15  -model_per_response t -save_model f -use_model t -spec smlp_toy_num_resp_mult_verify -asrt_names asrt1,asrt2 -asrt_exprs ""x**2+y1>4.3;(y1+p2)/2<6"" -mrmr_pred 0 -plots f -seed 10 -log_time f ",basic dt_sklearn  assertion verification test on data with one numeric response
69,smlp_toy_num_resp_mult,,"-mode verify -resp y2 -feat x,p1,p2 -model nn_keras -save_model t -use_model f -model_name test69_model -model_per_response t -spec smlp_toy_num_resp_mult_y2_verify -asrt_names asrt1 -asrt_exprs ""(y2**3+p2)/2<6"" -mrmr_pred 0 -plots f -seed 10 -log_time f -nn_keras_epochs 20 -nn_keras_seq_api f -solver_path mathsat-5.6.8-linux-x86_64-reentrant/bin/mathsat",nn_keras verification test with model_per_response training 
70,test69_model,,"-mode verify -resp y2 -feat x,p1,p2 -model nn_keras -save_model f -use_model t -model_per_response t -spec smlp_toy_num_resp_mult_y2_verify -asrt_names asrt1 -asrt_exprs ""(y2**3+p2)/2<6"" -mrmr_pred 0 -plots f -seed 10 -log_time f -nn_keras_epochs 20 -nn_keras_seq_api f -solver_path mathsat-5.6.8-linux-x86_64-reentrant/bin/mathsat",nn_keras verification test with re-using saved model_per_response trained model
71,smlp_toy_num_resp_mult,,"-mode verify -resp y1,y2 -feat x,p1,p2 -model nn_keras -save_model t -use_model f -model_name test71_model -model_per_response t -spec smlp_toy_num_resp_mult_verify -asrt_names asrt1 -asrt_exprs ""(y1**3+p2)/2<6"" -mrmr_pred 0 -plots f -seed 10 -log_time f -nn_keras_epochs 20 -nn_keras_seq_api f",nn_keras verification test with model_per_response training 
72,test71_model,,"-mode verify -resp y1,y2 -feat x,p1,p2 -model nn_keras -save_model f -use_model t -model_per_response t -spec smlp_toy_num_resp_mult_verify -asrt_names asrt1 -asrt_exprs ""(y2**3+p2)/2<6"" -mrmr_pred 0 -plots f -seed 10 -log_time f -nn_keras_epochs 20 -nn_keras_seq_api f",nn_keras verification test with re-using saved model_per_response trained model
73,smlp_toy_num_resp_mult,smlp_toy_num_resp_mult_pred_labeled,"-mode verify -resp y1,y2 -feat x,p1,p2 -model dt_sklearn -dt_sklearn_max_depth 15 -save_model t -use_model f -model_name test73_model -mrmr_pred 2 -model_per_response t -spec smlp_toy_num_resp_mult_verify -asrt_names asrt1,asrt2,asrt3 -asrt_exprs ""(y2**3+p2)/2<6;y1>=9;y2<0"" -plots f -seed 10 -log_time f",tests model term formation when mrmr_pred is activated and not all features are selected for training the model
74,test73_model,smlp_toy_num_resp_mult_pred_labeled,"-mode verify -resp y1,y2 -feat x,p1,p2 -model dt_sklearn -dt_sklearn_max_depth 15 -save_model f -use_model t -mrmr_pred 2 -model_per_response t -spec smlp_toy_num_resp_mult_verify -asrt_names asrt1,asrt2,asrt3 -asrt_exprs ""(y2**3+p2)/2<6;y1>=9;y2<0"" -plots f -seed 10 -log_time f",tests model term formation when mrmr_pred is activated and not all features are selected for training the model. with separate model for each response
75,test73_model,smlp_toy_num_resp_mult_pred_labeled,"-config test73_model_rerun_model_config.json",verification test run using model_rerun config covering the case when mrmr selcts only a subset of features specified through the command line or config file
76,smlp_toy_num_resp_mult,,"-mode verify -resp y1,y2 -feat x,p1,p2 -model dt_sklearn -dt_sklearn_max_depth 15 -save_model t -use_model f -model_name test76_model -mrmr_pred 2 -model_per_response f -spec smlp_toy_num_resp_mult_verify -asrt_names asrt1,asrt2,asrt3 -asrt_exprs ""(y2**3+p2)/2<6;y1>=9;y2<0"" -plots f -seed 10 -log_time f",tests model term formation when mrmr_pred is activated and not all features are selected for training the model
77,test76_model,,"-config test76_model_rerun_model_config.json",verification test run using model_rerun config covering the case when mrmr selcts only a subset of features specified through the command line or config file
78,smlp_toy_num_resp_mult,,"-mode verify -resp y1,y2 -feat x,p1,p2 -model dt_sklearn -dt_sklearn_max_depth 15 -save_model t -use_model f -model_name test78_model -mrmr_pred 1 -model_per_response f -spec smlp_toy_num_resp_mult_verify -asrt_names asrt1,asrt2 -asrt_exprs ""y1==9;y2>0"" -plots f -seed 10 -log_time f",tests model term formation when mrmr_pred is activated and not all features are selected for training the model, with one model for all responses
79,smlp_toy_num_resp_mult,,"-mode query -resp y1,y2 -feat x,p1,p2 -model dt_sklearn -dt_sklearn_max_depth 15 -save_model f -use_model f  -mrmr_pred 2 -model_per_response t -spec smlp_toy_num_resp_mult -quer_names query1,query2,query3 -quer_exprs ""(y2**3+p2)/2<6;y1>=9;y2<0""  -plots f -seed 10 -log_time f",basic test in query mode to test stability (theta) and guard (eta) constraint generation
80,smlp_toy_num_resp_mult,,"-mode optimize -pareto f -sat_thresh f -resp y1,y2 -feat x,p1,p2 -model dt_sklearn -dt_sklearn_max_depth 15  -spec smlp_toy_num_resp_mult -data_scaler min_max -objv_names obj1 -objv_exprs ""(y1+y2)/2"" -epsilon 0.05 -delta_rel 0.01 -save_model_config f -mrmr_pred 0 -plots f -seed 10 -log_time f",basic dt_sklearn single objective optimization test with numeric labels and integer grid as domain and with scaling objectives
81,smlp_toy_num_resp_mult,,"-mode optimize -pareto f -sat_thresh f -resp y1,y2 -feat x,p1,p2 -model dt_sklearn -dt_sklearn_max_depth 15  -spec smlp_toy_num_resp_mult_free_inps -data_scaler min_max -objv_names obj1 -objv_exprs ""(y1+y2)/2"" -epsilon 0.05 -delta_rel 0.01 -save_model_config f -mrmr_pred 0 -plots f -seed 10 -log_time f -solver_path mathsat-5.6.8-linux-x86_64-reentrant/bin/mathsat",basic dt_sklearn single objective optimization test with numeric labels and integer grid as domain and with scaling objectives
82,smlp_toy_num_resp_mult,,"-mode optimize -pareto t -sat_thresh f -resp y1,y2 -feat x,p1,p2 -model dt_sklearn -dt_sklearn_max_depth 15  -spec smlp_toy_num_resp_mult_free_inps -data_scaler min_max -objv_names obj1,objv2,objv3 -objv_exprs ""(y1+y2)/2;y1;y2"" -epsilon 0.05 -delta_rel 0.01 -save_model_config f -mrmr_pred 0 -plots f -seed 10 -log_time f -solver_path mathsat-5.6.8-linux-x86_64-reentrant/bin/mathsat",basic dt_sklearn single objective optimization test with numeric labels and integer grid as domain and with scaling objectives
83,smlp_toy_num_resp_mult,,"-mode optimize -pareto t -sat_thresh f -resp y1,y2 -feat x,p1,p2 -model dt_sklearn -dt_sklearn_max_depth 15  -spec smlp_toy_num_resp_mult_free_inps -data_scaler min_max -beta ""y1>7 and y2>6"" -objv_names obj1,objv2,objv3 -objv_exprs ""(y1+y2)/2;y1/2-y2;y2"" -epsilon 0.05 -delta_rel 0.01 -save_model_config f -mrmr_pred 0 -plots f -seed 10 -log_time f",basic dt_sklearn multi objective pareto optimization test with numeric labels and integer grid as domain and with scaling objectives
84,smlp_toy_num_resp_mult,,"-mode verify -resp y1,y2 -feat x,p1,p2 -model dt_sklearn -dt_sklearn_max_depth 15 -save_model t  -mrmr_pred 2 -model_per_response f -spec smlp_toy_num_resp_mult_verify -asrt_names asrt1,asrt2,asrt3 -asrt_exprs ""(y2**3+p2)/2<6;y1>=9;y2<0"" -alpha ""p2==7.0 and x==0 and p1==2.5"" -plots f -seed 10 -log_time f",tests global alpha constraints specified using option -alpha on inputs
85,smlp_toy_num_resp_mult,,"-mode optimize -pareto f -sat_thresh f -resp y1,y2 -feat x,p1,p2 -model dt_sklearn -dt_sklearn_max_depth 15  -spec smlp_toy_num_resp_mult -data_scaler min_max -objv_names obj1,objv2 -objv_exprs ""(y1+y2)/2;y1"" -alpha ""p2<5 and x==10 and  x<12"" -eta ""p1==4"" -epsilon 0.05 -delta_rel 0.01 -save_model_config f -mrmr_pred 0 -plots f -seed 10 -log_time f",tests alpha and eta constraints specified in command line in optimization mode
86,smlp_toy_num_resp_mult,,"-mode optimize -pareto f -sat_thresh f -resp y1,y2 -feat x,p1,p2 -model dt_sklearn -dt_sklearn_max_depth 15  -spec smlp_toy_num_resp_mult -data_scaler min_max -objv_names obj1,objv2 -objv_exprs ""(y1+y2)/2;y1"" -asrt_names asrt1,asrt2,asrt3 -asrt_exprs ""(y2**3+p2)/2<6;y1>=9;y2<0"" -alpha ""p2<5 and x==10 and  x<12"" -eta ""p1==4"" -epsilon 0.05 -delta_rel 0.01 -solver_path mathsat-5.6.8-linux-x86_64-reentrant/bin/mathsat -save_model_config f -mrmr_pred 0 -plots f -seed 10 -log_time f",tests alpha,beta and eta constraints specified in command line in optimization mode
87,smlp_toy_num_resp_mult,,"-mode verify -resp y1,y2 -feat x,p1,p2 -model dt_sklearn -dt_sklearn_max_depth 15 -save_model t  -mrmr_pred 2 -model_per_response f -spec smlp_toy_num_resp_mult_alpha_asrt_verify -plots f -seed 10 -log_time f",tests global alpha constraints and assertions specified in spec file, equivalent to test 84 where the same alpha and assertions are specified in command line
88,smlp_toy_num_resp_mult,,"-mode optimize -pareto t -sat_thresh f -resp y1,y2 -feat x,p1,p2 -model dt_sklearn -dt_sklearn_max_depth 15  -spec smlp_toy_num_resp_mult_free_inps_beta_objv -data_scaler min_max -epsilon 0.05 -delta_rel 0.01 -save_model_config f -mrmr_pred 0 -plots f -seed 10 -log_time f",basic dt_sklearn multi objective pareto optimization test with beta and objectives specified in spec file, must give same results as test 83 where same beta and objectives is specified in command line
89,smlp_toy_num_resp_mult,,"-mode query -resp y1,y2 -feat x,p1,p2 -model dt_sklearn -dt_sklearn_max_depth 15 -save_model f -use_model f  -mrmr_pred 2 -model_per_response t -spec smlp_toy_num_resp_mult_query -plots f -seed 10 -log_time f",basic test in query mode to test stability (theta) and guard (eta) constraint generation
90,smlp_toy_num_resp_mult,,"-mode optsyn -sat_thresh f -resp y1,y2 -feat x,p1,p2 -model dt_sklearn -dt_sklearn_max_depth 15 -save_model f -use_model f  -mrmr_pred 2 -model_per_response t -spec smlp_toy_num_resp_mult_optsyn_vacuous -epsilon 0.1 -delta_rel 0.05 -plots f -seed 10 -log_time f",test to detect contradictory constraints in optsyn mode
91,smlp_toy_num_resp_mult,,"-mode query -resp y1,y2 -feat x,p1,p2 -model dt_sklearn -dt_sklearn_max_depth 15 -save_model f -use_model f  -mrmr_pred 2 -model_per_response t -spec smlp_toy_num_resp_mult_query_vacuous -epsilon 0.1 -delta_rel 0.05 -plots f -seed 10 -log_time f",test to detect contradictory constraints in optimization mode due to contradictory alpha global and alpha bounds constraints on FMAX_xyx
92,smlp_toy_num_resp_mult,,"-mode verify -resp y1,y2 -feat x,p1,p2 -model dt_sklearn -dt_sklearn_max_depth 15 -save_model t  -mrmr_pred 2 -model_per_response f -spec smlp_toy_num_resp_mult_verify_vacuous -plots f -seed 10 -log_time f",test to detect contradictory constraints in verification mode
93,smlp_toy_num_resp_mult,,"-mode optsyn -sat_thresh f -resp y1,y2 -feat x,p1,p2 -model dt_sklearn -dt_sklearn_max_depth 15 -save_model f -use_model f  -mrmr_pred 2 -model_per_response t -spec smlp_toy_num_resp_mult_optsyn -epsilon 0.1 -delta_rel 0.05 -plots f -seed 10 -log_time f",basic test for mode optsyn
94,smlp_toy_num_resp_mult,,"-mode optsyn -sat_thresh f -resp y1,y2 -feat x,p1,p2 -model rf_sklearn -dt_sklearn_max_depth 15 -save_model f -use_model f  -mrmr_pred 2 -model_per_response t -spec smlp_toy_num_resp_mult_optsyn -epsilon 0.1 -delta_rel 0.05 -plots f -seed 10 -log_time f",basic test for rf_sklearn in model exploration mode optsyn
95,smlp_toy_num_resp_mult,,"-mode optsyn -sat_thresh f -resp y1,y2 -feat x,p1,p2 -model dt_caret  -save_model f -use_model f  -mrmr_pred 2 -model_per_response t -spec smlp_toy_num_resp_mult_optsyn -epsilon 0.1 -delta_rel 0.05 -plots f -seed 10 -log_time f",basic test for rf_sklearn in model exploration mode optsyn
96,smlp_toy_num_resp_mult,,"-mode optsyn -sat_thresh f -resp y1,y2 -feat x,p1,p2 -model rf_caret -save_model f -use_model f  -mrmr_pred 2 -model_per_response t -spec smlp_toy_num_resp_mult_optsyn -epsilon 0.1 -delta_rel 0.05 -plots f -seed 10 -log_time f",basic test for rf_sklearn in model exploration mode optsyn
97,smlp_toy_num_resp_mult,,"-mode query -resp y1,y2 -feat x,p1,p2 -model et_sklearn  -save_model f -use_model f  -mrmr_pred 2 -model_per_response t -spec smlp_toy_num_resp_mult_query -epsilon 0.1 -delta_rel 0.05 -solver_path mathsat-5.6.8-linux-x86_64-reentrant/bin/mathsat -plots f -seed 10 -log_time f",basic test for rf_sklearn in model exploration mode optsyn
98,smlp_toy_num_resp_mult,,"-mode optsyn -sat_thresh f -resp y1,y2 -feat x,p1,p2 -model et_caret -save_model f -use_model f  -mrmr_pred 2 -model_per_response t -spec smlp_toy_num_resp_mult_optsyn -epsilon 0.1 -delta_rel 0.05 -plots f -seed 10 -log_time f",basic test for rf_sklearn in model exploration mode optsyn
99,smlp_toy_num_resp_mult,,"-mode optimize -pareto t -sat_thresh f -model dt_sklearn -dt_sklearn_max_depth 15  -spec smlp_toy_num_resp_mult_free_inps_beta_objv -data_scaler min_max -epsilon 0.05 -delta_rel 0.01 -save_model_config f -mrmr_pred 0 -plots f -seed 10 -log_time f",testing that the response and feature names can be taken from spec file in model exploration modes when the responses and/or features are not specified in the command line
100,smlp_toy_num_resp_mult,,"-mode optimize -pareto t -sat_thresh t -resp y1,y2 -feat x,p1,p2 -model dt_sklearn -dt_sklearn_max_depth 15  -spec smlp_toy_num_resp_mult_free_inps_beta_objv -data_scaler min_max -epsilon 0.05 -delta_rel 0.01 -save_model_config f -mrmr_pred 0 -solver_path mathsat-5.6.8-linux-x86_64-reentrant/bin/mathsat -plots f -seed 10 -log_time f",basic test for sat_threshold option enabing usage of objectve values in SAT assignments that prove optimization thresholds
101,smlp_toy_num_resp_mult,,"-mode certify -resp y1,y2 -feat x,p1,p2 -model dt_sklearn -dt_sklearn_max_depth 15 -save_model t -use_model f  -model_name test101_model -mrmr_pred 2 -model_per_response t -spec smlp_toy_num_resp_mult_witness -quer_names query1,query2,query3 -quer_exprs ""(y2**3+p2)/2<6;y1>=9;y2<20"" -plots f -seed 10 -log_time f",basic test in certify mode to test stability (theta) and guard (eta) constraint generation
102,test101_model,,"-mode certify -resp y1,y2 -feat x,p1,p2 -model dt_sklearn -dt_sklearn_max_depth 15 -save_model f -use_model t  -mrmr_pred 2 -model_per_response t -spec smlp_toy_num_resp_mult_witness -quer_names query1,query2,query3 -quer_exprs ""(y2**3+p2)/2<6;y1>=9;y2<20"" -plots f -seed 10 -log_time f",basic test in certify mode to test stability (theta) and guard (eta) constraint generation
103,smlp_toy_num_resp_mult,,"-mode certify -resp y1,y2 -feat x,p1,p2 -model dt_sklearn -dt_sklearn_max_depth 15 -save_model t -use_model f  -model_name test103_model -model_per_response f -spec smlp_toy_num_resp_mult_certify_witness -quer_names valid_candidate,grid_conflict,range_conflict -quer_exprs ""True;True;True"" -plots f -seed 10 -log_time f",,basic test in certify mode to test one valid witness and two conflicting witnesses for queries that are constant true
104,smlp_toy_num_resp_mult,,"-mode verify -resp y1,y2 -feat x,p1,p2 -model dt_sklearn -dt_sklearn_max_depth 15 -spec smlp_toy_num_resp_mult -asrt_names asrt_y1,asrt_y2 -asrt_expr ""y1*2+x<=5 and y1<=10;-2*y2-1<10-p2"" -save_model_config f -mrmr_pred 0 -plots f -seed 10 -log_time f",assertion verfication test with wrong spec that does not assign a single value using a singleton grid or range with equal max and min
105,smlp_toy_num_resp_mult,,"-mode verify -resp y1,y2 -feat x,p1,p2 -model dt_sklearn -dt_sklearn_max_depth 15 -spec smlp_toy_num_resp_mult_stable_verify -asrt_names asrt_y1,asrt_y2 -asrt_expr ""y1*2+x<=5 and y1<=10;-2*y2-1<10-p2"" -save_model_config f -mrmr_pred 0 -plots f -seed 10 -log_time f",basic dt_sklearn assertion verfication test with numeric labels and integer grid as domain
106,smlp_toy_num_resp_mult,,"-mode verify -resp y1,y2 -feat x,p1,p2 -model dt_sklearn -dt_sklearn_max_depth 15 -spec smlp_toy_num_resp_mult_unsat_eta_verify -asrt_names asrt_y1,asrt_y2 -asrt_expr ""y1*2+x<=5 and y1<=10;-2*y2-1<10-p2"" -save_model_config f -mrmr_pred 0 -plots f -seed 10 -log_time f",test for verification mode to check that eta contraints are not contradictory and as otherwise verification problem is not well defined
107,smlp_toy_num_resp_mult,,"-mode verify -resp y1,y2 -feat x,p1,p2 -model dt_sklearn -dt_sklearn_max_depth 15 -spec smlp_toy_num_resp_mult_beta_verify -asrt_names asrt_y1,asrt_y2 -asrt_expr ""y1*2+x<=5 and y1<=10;-2*y2-1<10-p2"" -save_model_config f -mrmr_pred 0 -plots f -seed 10 -log_time f",test for verification mode to check that eta contraints are not contradictory and as otherwise verification problem is not well defined
108,smlp_toy_num_resp_mult,,"-mode synthesize -sat_thresh f -resp y1,y2 -feat x,p1,p2 -model dt_sklearn -save_model f -use_model f  -mrmr_pred 2 -model_per_response t -spec smlp_toy_num_resp_mult_synthesize -epsilon 0.1 -delta_rel 0.05 -plots f -seed 10 -log_time f",basic test for rf_sklearn in model exploration mode synthesize where synthesis succeeds
109,smlp_toy_num_resp_mult,,"-mode synthesize -sat_thresh f -resp y1,y2 -feat x,p1,p2 -model dt_sklearn -save_model f -use_model f  -mrmr_pred 2 -model_per_response t -spec smlp_toy_num_resp_mult_cannot_synthesize -epsilon 0.1 -delta_rel 0.05 -plots f -seed 10 -log_time f",basic test for mode synthesize where synthesis fails
110,smlp_toy_basic,smlp_toy_basic_pred_unlabeled,"-mode predict -resp y1,y2 -feat x1,x2,p1,p2 -model poly_sklearn -save_model t -model_name test110_model -save_model_config t -mrmr_pred 0 -plots f -seed 10 -log_time f",smlp toy basic example for predict mode from SMLP user manual
111,test110_model,smlp_toy_basic_pred_unlabeled,"-config test110_model_rerun_model_config.json",smlp toy basic test to rerun saved model using the model rerun config file saved during model training
112,test110_model,smlp_toy_basic_pred_unlabeled,"-mode predict -resp y1,y2 -feat x1,x2,p1,p2 -model poly_sklearn -mrmr_pred 0 -plots f -seed 10 -log_time f -use_model t -save_model f",smlp toy basic test from SMLP manual, to rerun saved model without using the model rerun config file saved during model training and directly adding required options to command that match option values used during training
113,smlp_toy_basic,,"-mode optimize -pareto t -resp y1,y2 -feat x1,x2,p1,p2 -model dt_sklearn -dt_sklearn_max_depth 15 -mrmr_pred 0 -epsilon 0.05 -delta_rel 0.01 -save_model t -model_name test113_model -save_model_config t -plots f -seed 10 -log_time f -spec smlp_toy_basic",smlp toy basic test for mode optimize from SMLP manual
114,smlp_toy_basic,,"-mode optimize -pareto t -model dt_sklearn -dt_sklearn_max_depth 15 -mrmr_pred 0 -epsilon 0.05 -delta_rel 0.01 -save_model f -plots f -seed 10 -log_time f -spec smlp_toy_basic",smlp toy basic test for mode optimize from SMLP manual without specifying resp and feat in command line
115,smlp_toy_basic,,"-mode certify -resp y1,y2 -feat x1,x2,p1,p2 -model dt_sklearn -dt_sklearn_max_depth 15 -save_model f -use_model f -mrmr_pred 2 -model_per_response t -spec smlp_toy_system -quer_names query1,query2 -quer_exprs ""y1>0;y2<=0"" -plots f -seed 10 -log_time f",basic test in certify mode
116,smlp_toy_basic,,"-mode certify -resp y1,y2 -feat x1,x2,p1,p2 -model system -save_model f -use_model f -mrmr_pred 2 -model_per_response t -spec smlp_toy_system -quer_names query1,query2 -quer_exprs ""y1>0;y2<=0"" -plots f -seed 10 -log_time f",basic test in certify mode when system is specified and is used as the model; p2 rel-rad needs to be 0 or very close to it the witness to first query to be stable
117,smlp_toy_basic,,"-mode certify -model system -resp y1,y2 -feat p1,p2 -save_model f -use_model f -mrmr_pred 0 -model_per_response t -spec smlp_toy_system_stable_constant_certify -plots f -seed 10 -log_time f",certification test with knobs only where assertion is valid without stability and fails with stability
118,smlp_toy_basic,,"-mode verify -model system -resp y1,y2 -feat p1,p2 -save_model f -use_model f -mrmr_pred 0 -model_per_response t -spec smlp_toy_system_stable_constant_verify -plots f -seed 10 -log_time f",verification test with knobs only where assertion is valid without stability and fails with stability
119,smlp_toy_basic,,"-mode query -model system -resp y1,y2 -feat p1,p2 -save_model f -use_model f -mrmr_pred 0 -model_per_response t -spec smlp_toy_system_stable_constant_query -plots f -seed 10 -log_time f",query test with knobs only where query is satisfiable without stability and fails with stability
120,smlp_toy_basic,,"-mode synthesize -model system -resp y1,y2 -feat p1,p2 -save_model f -use_model f -mrmr_pred 0 -model_per_response t -spec smlp_toy_system_stable_constant_synth_fail -plots f -seed 10 -log_time f",synthesis test with constant knob and no inputs where synthesis is not feasible because the assertion is not feasible
121,smlp_toy_basic,,"-mode synthesize -model system -resp y1,y2 -feat p1,p2 -save_model f -use_model f -mrmr_pred 0 -model_per_response t -spec smlp_toy_system_stable_constant_synth_feasible -plots f -seed 10 -log_time f",synthesis test with constant knob and no inputs where synthesis is feasible
122,smlp_toy_basic,,"-mode optimize -pareto f -model system -resp y1,y2 -feat p1,p2 -save_model f -use_model f -mrmr_pred 0 -model_per_response t -spec smlp_toy_system_stable_constant_synth_fail -epsilon 0.00000001 -plots f -seed 10 -log_time f",optimization test with constant knob and no inputs where synthesis is not feasible because the assertion is not feasible but beta constraint is feasible therefore optimization is performed
123,smlp_toy_basic,,"-mode optimize -pareto t -model system -resp y1,y2 -feat p1,p2 -save_model f -use_model f -mrmr_pred 0 -model_per_response t -spec smlp_toy_system_stable_constant_synth_feasible -epsilon 0.00000001 -plots f -seed 10 -log_time f",optimization test with constant knob and no inputs where synthesis is feasible and optimization is performed
124,smlp_toy_basic,,"-mode optsyn -pareto f -model system -resp y1,y2 -feat p1,p2 -save_model f -use_model f -mrmr_pred 0 -model_per_response t -spec smlp_toy_system_stable_constant_synth_fail -epsilon 0.00000001 -plots f -seed 10 -log_time f",optimized synthesis test with constant knob and no inputs where synthesis is not feasible because while beta constraint is feasible the assertion is not feasible therefore optimization is not performed
125,smlp_toy_basic,,"-mode optsyn -pareto t -model system -resp y1,y2 -feat p1,p2 -save_model f -use_model f -mrmr_pred 0 -model_per_response t -spec smlp_toy_system_stable_constant_synth_feasible -epsilon 0.00000001 -plots f -seed 10 -log_time f",optimized synthesis test with constant knob and no inputs where synthesis is feasible and optimization is performed
126,smlp_toy_basic,,"-mode verify -model system -save_model f -use_model f -mrmr_pred 0 -model_per_response t -spec smlp_toy_system_stable_verify -plots f -seed 10 -log_time f",verification example with knobs only and fictitious inputs that have no effect where proparty is valid without stability and fails with stability
127,smlp_toy_basic,,"-mode certify -model system -save_model f -use_model f -mrmr_pred 0 -model_per_response t -spec smlp_toy_system_stable_certify -plots f -seed 10 -log_time f",certification example with knobs only and fictitious inputs with values fixed through their ranges, where query is valid without stability and fails with stability
128,smlp_toy_ctg_num_resp,,"-mode certify -resp y1,y2 -feat x,p1,p2 -model poly_sklearn -dt_sklearn_max_depth 15 -save_model f -use_model f -model_per_response f -spec smlp_toy_witness_certify -quer_names query_stable_witness,query_grid_conflict,query_unstable_witness,query_infeasible_witness -quer_exprs ""y2<=90;y1>=9;y1>=(-10);y1>9"" -plots f -seed 10 -log_time f",basic test in certify mode to test one valid witness and two conflicting witnesses for queries that are not constant true (unlike in test 103 which is the same test but all queries thee are constant true)
129,smlp_toy_ctg_num_resp,,"-mode verify -resp y1,y2 -feat x,p1,p2 -model poly_sklearn -dt_sklearn_max_depth 15 -save_model f -use_model f -model_per_response f -spec smlp_toy_configuration_verify -asrt_names assert_stable_config,assert_grid_conflict,assert_unstable_config,assert_infeasible -asrt_exprs ""y2<=90;y1>=9;y1>=(-10);y1>20"" -plots f -seed 10 -log_time f",verification example with demonstrating all basic result scenarious for assertions
130,smlp_toy_const_input,,"-mode optimize -feat x1,x2,p1,p2 -resp y1,y2 -model dt_sklearn -spec smlp_toy_const_input -plots f -seed 10 -log_time f",
131,smlp_toy_const_input,,"-mode optimize -feat x1,x2,p1,p2 -resp y1,y2 -model dt_sklearn -spec smlp_toy_const_input_const_range -plots f -seed 10 -log_time f",
132,smlp_toy_const_input,,"-mode optimize -feat x1,x2,p1,p2 -resp y1,y2 -model dt_sklearn -spec smlp_toy_const_input_alpha -plots f -seed 10 -log_time f",
133,smlp_toy_const_input,,"-mode optimize -feat x2,p1,p2 -resp y1,y2 -model dt_sklearn -spec smlp_toy_const_input_dropped -plots f -seed 10 -log_time f",
134,smlp_toy_const_input,,"-mode optimize -feat x2,p1,p2 -resp y1,y2 -model system --spec smlp_toy_const_input_dropped_system -plots f -seed 10 -log_time f",
135,smlp_toy_const_input,,"-mode optimize -feat x2,p1,p2 -resp y1,y2 -model nn_keras -nn_keras_epochs 20 -spec smlp_toy_const_input_dropped_system -plots f -seed 10 -log_time f",